"id","titulo","texto","data","fonte","url"
"d1","Paragrafo d1","Santos Futebol Clube , mais conhecido apenas como Santos , é um clube poliesportivo brasileiro da cidade homônima , do estado de São Paulo . Foi fundado em 14 de abril de 1912 . Inicialmente suas cores seriam o branco, azul e dourado, mas um ano após a sua fundação, ficou decidido que as cores do clube passariam a ser branco e preto (alvinegro). O clube manda as suas partidas no Estádio Urbano Caldeira , mais conhecido como Vila Belmiro. Seus maiores rivais no futebol são o Palmeiras , com quem disputa o Clássico da Saudade ; o Corinthians , com quem disputa o Clássico Alvinegro ; e o São Paulo , com quem disputa o San-São .","","Santos FC","https://pt.wikipedia.org/"
"d2","Paragrafo d2","O Santos tornou-se no futebol um dos clubes mais bem-sucedidos do Brasil e reconhecidos mundialmente. Ficou famoso na década de 1960 pelos vários títulos internacionais e nacionais conquistados e por ter formado a carreira profissional de Pelé , considerado por muitos como o maior jogador da história do esporte, e segundo a FIFA , o melhor jogador do século XX . Além disso, o Rei também tem o marco de maior artilheiro da história do Santos e o segundo maior artilheiro da Seleção Brasileira . À frente de Pelé, com mais de 70 gols pela Seleção em jogos oficiais, está Neymar , outro jogador também revelado pelo clube.","","Santos FC","https://pt.wikipedia.org/"
"d3","Paragrafo d3","Ao longo de sua história, o Santos conquistou um grande número de títulos internacionais, com destaque para os mundiais de 1962 e 1963 , as Copas Libertadores de 1962 , 1963 e 2011 , a Recopa dos Campeões Intercontinentais de 1968 , a Copa CONMEBOL de 1998 e a Recopa Sul-Americana de 2012 . No cenário nacional é octacampeão brasileiro : 1961 , 1962 , 1963 , 1964 , 1965 , 1968 , 2002 e 2004 . Ainda no âmbito nacional, o clube possui uma Copa do Brasil vencida em 2010 , totalizando nove conquistas nacionais. Outros títulos importantes incluem cinco Torneios Rio-São Paulo (recordista ao lado de Corinthians e Palmeiras), 22 Campeonatos Paulistas e a Copa Paulista de 2004 . Na somatória de títulos oficiais de abrangência internacional e nacional , o clube possui 17 conquistas. Ao todo, somando competições oficiais, amistosas e outras taças, o clube possui 305 títulos.","","Santos FC","https://pt.wikipedia.org/"
"d4","Paragrafo d4","O Santos foi eleito pela FIFA em 2000 o quinto maior clube de futebol do Século XX , sendo o melhor clube das Américas na lista, e também recebeu no ano de seu centenário na câmara dos deputados em Brasília pela FIFA o título de ""maior clube sul-americano do Século XX"". Além de ser o clube brasileiro que mais enfrentou estrangeiros na história, o Santos é também o único clube brasileiro a ser campeão estadual , nacional, continental e mundial no mesmo ano, em 1962. Outro feito único do clube é ser o que mais marcou gols na história do futebol mundial, tendo sido o primeiro a alcançar a marca de doze mil gols.","","Santos FC","https://pt.wikipedia.org/"
"d5","Paragrafo d5","O Santos Futebol Clube foi fundado no dia 14 de abril de 1912, por iniciativa de três esportistas da cidade , Francisco Raymundo Marques, Mário Ferraz de Campos e Argemiro de Souza Júnior, que convocaram uma assembleia na sede do Clube Concórdia para a criação de um time de futebol. Durante a reunião, surgiu a dúvida quanto ao nome que seria dado a essa agremiação, várias sugestões apareceram como, Brasil Atlético, Euterpe e Concórdia, mas os participantes da reunião decidiram por unanimidade a proposta de Edmundo Jorge de Araújo: a denominação Santos Foot-Ball Club .","","Santos FC","https://pt.wikipedia.org/"
"d6","Paragrafo d6","As cores iniciais do Santos FC eram o branco, o azul e o dourado, mas como era difícil na época a confecção de um uniforme nessas cores, ficou decidido no dia 31 de março de 1913 que o clube passaria a ser alvinegro.","","Santos FC","https://pt.wikipedia.org/"
"d7","Paragrafo d7","A primeira apresentação do time considerada como jogo-treino, ocorreu no dia 23 de junho de 1912, no campo da Vila Macuco, contra um combinado local chamado Thereza Team, o confronto foi vencido pelo Santos pelo placar de 2 a 1, com gols de Anacleto Ferramenta e Geraule Ribeiro. O time entrou em campo com a seguinte formação: Julien Fauvel ( goleiro francês); Simon e Ari; Bandeira, Ambrósio e Oscar; Bulle, Geraule, Esteves, Fontes e Anacleto Ferramenta. O primeiro jogo tido como oficial aconteceu apenas em 15 de setembro de 1912, o Santos FC venceu o Santos Athletic Club (time formado por ingleses) por 3 a 2, no campo da Avenida Ana Costa, local onde hoje se encontra a Igreja Coração de Maria. O primeiro gol do confronto foi marcado por Arnaldo Silveira , o tento é considerado o primeiro da história do clube, os outros dois gols foram anotados pelo próprio Arnaldo e por Adolpho Millon Júnior .","","Santos FC","https://pt.wikipedia.org/"
"d8","Paragrafo d8","No início de 1913, o Santos recebeu um convite da Liga Paulista de Futebol para disputar o campeonato estadual daquele ano , esta foi a primeira competição oficial disputada pelo clube. A estreia aconteceu no dia 1 de junho, diante do Germânia , ainda sem experiência, o time santista foi derrotado por 8 a 1. Devido ao alto custo das viagens na época, o Santos desistiu do campeonato, a única vitória do time foi contra o rival Corinthians (que também estava estreando) pelo placar de 6 a 3. Após desistir de disputar a competição estadual, o Santos conquistaria o seu primeiro título na história, o Campeonato Santista de 1913 invicto.","","Santos FC","https://pt.wikipedia.org/"
"d9","Paragrafo d9","Em 1915, o Santos voltou a disputar o Campeonato Santista, conseguindo o segundo título embora tenha usado o nome de União FC, devido a APEA (liga no qual permaneceu afiliado) não o ter permitido participar com o nome oficial. Em 1916, o Alvinegro retornaria a disputa do Campeonato Paulista , a competição estadual desse ano ficou marcada na história do clube, pois foi nela que aconteceu a inauguração do estádio da Vila Belmiro.","","Santos FC","https://pt.wikipedia.org/"
"d10","Paragrafo d10","O Santos foi vice-campeão nas edições do Campeonato Paulista de 1927 , 1928 e 1929 , sempre tendo como destaque a linha de ataque que tinha Araken Patusca e Feitiço , grandes futebolistas da época. Em 1927, o Santos atingiu a marca de 100 gols no campeonato estadual, com a linha de ataque formada por Siriri , Camarão , Feitiço, Araken e Evangelista.","","Santos FC","https://pt.wikipedia.org/"
"d11","Paragrafo d11","O primeiro título paulista veio em 1935 , após o Santos vencer por 2 a 0 a equipe do Corinthians em pleno Parque São Jorge . A escalação santista para a partida foi: Cyro , Neves e Agostinho ; Ferreira, Marteletti e Jango; Saci , Mário Pereira , Raul Cabral Guedes , Araken Patusca e Junqueirinha . Raul Cabral Guedes e Araken Patusca foram os autores dos gols da partida.","","Santos FC","https://pt.wikipedia.org/"
"d12","Paragrafo d12","Após 20 anos do primeiro título paulista, o Santos voltou a ser campeão estadual apenas em 1955 . O jogo do título foi contra o Taubaté , vitória santista por 2 a 1, sob o comando do vitorioso técnico Luís Alonso Pérez , a competição ainda terminou com o atacante santista Emmanuele Del Vecchio como artilheiro, 23 gols.","","Santos FC","https://pt.wikipedia.org/"
"d13","Paragrafo d13","No ano seguinte, chegaria ao clube trazido pelas mãos de Waldemar de Brito , o menino Pelé de 15 anos, que posteriormente se tornaria o maior ídolo da história do clube. O primeiro título oficial de Pelé no Santos, aconteceu em 1958, quando o clube conquistou o seu quarto Campeonato Paulista, ali começava a história do camisa 10 pelo clube praiano.","","Santos FC","https://pt.wikipedia.org/"
"d14","Paragrafo d14","Ao lado de Pepe , Coutinho e Dorval , Pelé formou um ataque poderoso no Santos, com destaque para as duas conquistas da Copa Intercontinental e da Copa Libertadores da América , vencidas nos anos de 1962 e 1963.","","Santos FC","https://pt.wikipedia.org/"
"d15","Paragrafo d15","Ainda nessa década, no ano de 1969, o Santos ficou famoso por ter sido o time que parou a guerra, fato que ocorreu graças a uma excursão do clube no continente africano , em que o time paralisou os conflitos entre República do Congo e República Democrática do Congo e também a Guerra de Biafra , na Nigéria, para que as pessoas pudessem ver o Santos jogar.","","Santos FC","https://pt.wikipedia.org/"
"d16","Paragrafo d16","Após Pelé sair do Santos em 1974 para jogar no New York Cosmos dos Estados Unidos, o Santos formaria em 1978 um time que era chamado de ""Meninos da Vila"", devido a juventude dos atletas da equipe, os destaques desse time eram Juary , Pita , Aílton Lira e João Paulo que se sagrariam campeões paulista de 1978 .","","Santos FC","https://pt.wikipedia.org/"
"d17","Paragrafo d17","O Santos chegaria a final do Campeonato Brasileiro de 1983 , mas seria superado pelo Flamengo de Zico . Um ano depois, em 1984, o Santos seria campeão paulista tendo o artilheiro Serginho Chulapa como destaque. O Santos voltaria a fazer boas campanhas apenas em 1995, quando chegou na decisão do Campeonato Brasileiro daquele ano , porém em uma final muito polêmica com o Botafogo , o time de Giovanni e cia foi superado, e ficou com o vice-brasileiro. Dois anos depois, em 1997, o Alvinegro conquistaria o seu quinto Torneio Rio-São Paulo . No ano seguinte, em 1998, veio a conquista internacional da Copa Conmebol .","","Santos FC","https://pt.wikipedia.org/"
"d18","Paragrafo d18","Em 2002, ano em que o clube completou 90 anos, o Santos conquistou o Campeonato Brasileiro no sistema de mata-mata, vencendo o Corinthians nos dois jogos da decisão, sendo esse o sétimo título nacional do clube. O time campeão foi basicamente formado por jogadores revelados pelo clube, os destaques eram a dupla Diego e Robinho e o técnico responsável pelo título foi Emerson Leão . No ano seguinte, com a base mantida, o Peixe chegou aos vice-campeonatos da Libertadores e do Campeonato Brasileiro .","","Santos FC","https://pt.wikipedia.org/"
"d19","Paragrafo d19","Em 2004, ainda com os ídolos Robinho, Elano e Léo , e tendo no banco o experiente técnico Vanderlei Luxemburgo , o Santos voltou a ser campeão brasileiro , desta vez no sistema de pontos corridos.","","Santos FC","https://pt.wikipedia.org/"
"d20","Paragrafo d20","Nos anos de 2006 e 2007 veio o bicampeonato paulista. O primeiro foi levantado na Vila Belmiro, com a vitória de 2 a 0 contra a Portuguesa . No ano seguinte, a taça foi erguida após decisão de 180 minutos contra o São Caetano , as duas partidas ocorreram no Morumbi , no primeiro jogo 2 a 0 para os adversários, no segundo, o Alvinegro devolveu o placar e ficou com o título por ter tido melhor campanha na competição.","","Santos FC","https://pt.wikipedia.org/"
"d21","Paragrafo d21","Em 2009, começou aparecer a geração de Neymar e Ganso , que naquela temporada ficou com o vice-campeonato paulista . Já em 2010, comandada por Dorival Júnior , com o retorno de Robinho , presença marcante de Arouca , Wesley , e um ataque arrasador comandado por Ganso , Neymar , Robinho e André , o time conquistou o Campeonato Paulista e a primeira Copa do Brasil do clube, com um futebol arrasador e seguidas goleadas, nessa que ficaria conhecido como a terceira geração de Meninos da Vila .","","Santos FC","https://pt.wikipedia.org/"
"d22","Paragrafo d22","Depois de 48 anos, o Santos voltou a ser campeão da Libertadores , desta vez em 2011 após superar o Penãrol do Uruguai na final, conseguindo assim, o tricampeonato do clube na competição continental. Antes dessa conquista, o Santos ainda seria campeão paulista . Com a conquista da América, o Santos se credenciou a disputar o Mundial de Clubes no Japão, contudo o time não conseguiu segurar a histórica equipe do Barcelona na final e ficou com o vice. Em 2012, veio o vigésimo Campeonato Paulista do clube e a primeira Recopa Sul-Americana . Depois de dois vices em 2013 e 2014 , o Alvinegro chegou a mais uma final no estadual, a sétima consecutiva, e conquistou o Campeonato Paulista de 2015 após superar o Palmeiras nos pênaltis, o ano de 2015 terminou com o vice-campeonato da Copa do Brasil e o sétimo lugar no Campeonato Brasileiro . Em 2016, o Santos chegou no seu 22º título paulista, após chegar na sua oitava final seguida no campeonato. No Campeonato Brasileiro , ficou com o vice-campeonato, melhor colocação do clube desde a edição de 2007 .","","Santos FC","https://pt.wikipedia.org/"
"d23","Paragrafo d23","Após uma campanha irregular no Campeonato Brasileiro de 2023 , o Santos terminou na 17ª colocação e foi rebaixado para a Série B pela primeira vez em sua história. A partida que culminou na queda aconteceu no dia 6 de dezembro, na Vila Belmiro, e o Peixe perdeu por 2 a 1 para o Fortaleza . Nesse cenário adverso, o clube praiano contrata Fábio Carrille , que comandou o time por toda a temporada de 2024. Nessa passagem, o time foi vice-campeão do Campeonato Paulista e campeão da Série B , assim, retornando para a primeira divisão em 2025.","","Santos FC","https://pt.wikipedia.org/"
"d24","Paragrafo d24","Antes de ter seu campo, o Santos chegou a mandar seus jogos em três locais diferentes: Campo da Avenida Ana Costa, Campo da Avenida Conselheiro Nébias e o Campo do Clubes dos Ingleses. Os treinos eram feitos em um campo distinto, localizado no Bairro do Macuco. Em 1915 os dirigentes passaram a procurar terrenos na cidade. Em 31 de maio de 1916, uma assembleia geral aprovou a compra de uma área de 16 650 metros quadrados, no bairro da Vila Belmiro , aprovado pelo presidente do clube, Agnello Cícero de Oliveira. A compra do terreno foi feita em 16 de junho de 1916.","","Santos FC","https://pt.wikipedia.org/"
"d25","Paragrafo d25","A construção do Estádio Urbano Caldeira, a Vila Belmiro, foi concluída em 1916 e sua inauguração ocorreu em 12 de outubro do mesmo ano, mas a primeira partida foi realizada somente 10 dias depois, em 22 de outubro de 1916, válido pelo Campeonato Paulista . A partida de estreia foi entre Santos e Ypiranga , onde o Santos venceu por 2 a 1, cujo primeiro gol da partida e da história do estádio foi feito por Adolpho Millon Júnior, da equipe santista.","","Santos FC","https://pt.wikipedia.org/"
"d26","Paragrafo d26","O primeiro sistema de iluminação foi estreado em 21 de março de 1931, às oito horas da noite, num jogo amistoso entre o Santos FC e uma seleção de futebol que a cidade de Santos possuía na época. O amistoso terminou empatado em 1 a 1, com gol de Manoel Cruz para a Seleção Santista e Camarão para o Santos FC.","","Santos FC","https://pt.wikipedia.org/"
"d27","Paragrafo d27","Em 1933, com a morte de Urbano Caldeira que tinha sido jogador, treinador e dirigente do clube, o estádio foi batizado oficialmente de Estádio Urbano Caldeira em sua homenagem.","","Santos FC","https://pt.wikipedia.org/"
"d28","Paragrafo d28","O recorde de público no estádio foi no dia 20 de setembro de 1964, num clássico contra o Corinthians , 32 986 pessoas estavam presentes para ver o jogo. Entretanto esse dia quase foi trágico, cerca de 10 minutos depois do apito inicial do juiz, uma das arquibancadas do estádio cai e fere 181 pessoas. O jogo foi interrompido para atendimento das vítimas e foi remarcado para 10 dias depois no Estádio do Pacaembu , onde terminou empatado em 1 a 1.","","Santos FC","https://pt.wikipedia.org/"
"d29","Paragrafo d29","Logo após o término do Campeonato Paulista de 1996 , a diretoria do clube decidiu que o gramado da Vila Belmiro passasse por uma ampla reforma. Um moderno sistema de drenagem e irrigação controlado por computador foi instalado, o que proporcionou perfeitas condições de jogo com qualquer tempo. A inauguração aconteceu no dia 27 de março de 1997, quando o Santos venceu o Internacional em jogo válido pela Copa do Brasil . Simultaneamente à reforma do gramado, foi construído o complemento do anel da arquibancada atrás do gol de fundo do estádio, que aumentou a capacidade em 4 000 lugares. A capacidade oficial do estádio é de 21 732 lugares, porém atualmente, o estádio pode comportar 16.068 pessoas.","","Santos FC","https://pt.wikipedia.org/"
"d30","Paragrafo d30","No dia 27 de janeiro de 1999, o Santos deu mais um passo para oferecer um estádio mais moderno aos seus torcedores. Neste dia, momentos antes de um clássico contra o Palmeiras , foi inaugurado o novo sistema de iluminação, tornando o estádio uma das praças de esportes mais bem iluminadas do Brasil.","","Santos FC","https://pt.wikipedia.org/"
"d31","Paragrafo d31","Na Copa do Mundo de 2014 , o estádio recebeu a surpresa da Copa, a Costa Rica , que treinou e fez toda a sua preparação na Vila Belmiro. Os "" Ticos "" (como são chamados os costarriquenhos) fizeram a sua melhor campanha na história, chegando até as quartas de final, quando foram eliminados pela Holanda nos pênaltis.","","Santos FC","https://pt.wikipedia.org/"
"d32","Paragrafo d32","O Santos realizou reformas na Vila Belmiro entre 2015 e 2016, a novidade foi a padronização nas medidas do campo, mudando de 106 x 70 para 105 x 68, as mesmas medidas usadas em estádios da Copa do Mundo. Paralelamente, há o desejo de ter um novo estádio, mais moderno, para que a Vila Belmiro receba apenas a alguns jogos.","","Santos FC","https://pt.wikipedia.org/"
"d33","Paragrafo d33","No dia 8 de outubro de 2016, para comemorar o centenário do estádio, o Santos disputou um amistoso contra o Benfica . Os ídolos Giovanni e Léo foram homenageados e entraram durante o amistoso, o lateral Léo além de atuar com a camisa do Santos, também jogou com a camisa do Benfica, o amistoso terminou empatado em 1 a 1, com gols de Fabián Noguera para o alvinegro e Salvio para os benfiquistas. Após o apito final, os atletas receberam uma medalha em comemoração à partida e a Vila Belmiro foi coberta por fogos de artifício.","","Santos FC","https://pt.wikipedia.org/"
"d34","Paragrafo d34","Em 17 de novembro de 2003, 1 dia após completar 40 anos da conquista da Copa Intercontinental de 1963 , foi inaugurado no estádio o Memorial das Conquistas. Este espaço contem os troféus conquistados pelo Santos em toda sua história, que dentre os mais destacados no memorial, estão as 9 taças conquistadas em competições internacionais de caráter oficial pelo clube, além de contar com fotos, vídeos, ingressos, revistas, livros, flâmulas de times adversários que o Santos enfrentou e também algumas recordações enviadas por clubes do exterior ou de astros do esporte, como a camisa do maior pontuador da NBA , Kareem Abdul-Jabbar , que conheceu a estrutura do clube em 2012. A visita ao museu, inclui também os vestiários dos jogadores, sala de imprensa e a entrada no campo.","","Santos FC","https://pt.wikipedia.org/"
"d35","Paragrafo d35","No Memorial existem alguns espaços únicos, como de Pelé e Neymar , onde há um acervo pessoal dos dois ídolos santistas. O museu também dispõe de vários equipamentos multimídia, como aparelhos de TV, que permitem a visualização de jogos históricos.","","Santos FC","https://pt.wikipedia.org/"
"d36","Paragrafo d36","O Centro de Treinamento Rei Pelé foi inaugurado em 1 de outubro de 2005, com a finalidade de oferecer toda a estrutura necessária, para que os atletas e a comissão técnica possam realizar o trabalho físico. Localizado no bairro de Jabaquara em Santos, o CT é considerado um dos melhores do Brasil. A ideia de construir um campo próprio para treinos do clube surgiu em meados da década de 90 , na primeira gestão de Marcelo Teixeira na presidência do Santos. Em 1992, o clube havia conseguido tomar posse de um terreno localizado perto da Santa Casa de Santos. Depois disso, iniciou-se a construção do que seria o primeiro centro de treinamentos do time Alvinegro. O nome do local é uma clara homenagem ao maior ídolo santista: Pelé .","","Santos FC","https://pt.wikipedia.org/"
"d37","Paragrafo d37","No complexo com cerca de 40 mil metros quadrados, há um hotel chamado de Recanto dos Alvinegros, que possui 28 quartos (todos com televisão, internet, ar condicionado e frigobar), restaurante, sala de jogos, cozinha, recepção e um auditório para utilização em preleções e reuniões dos atletas. Com três campos de futebol, o CT é sede de amistosos e jogos oficiais de times amadores, campeonatos de categorias de base, campeonatos juvenis do clube e jogos do time feminino do Santos . O CT ainda conta com a sala de imprensa Peirão de Castro, onde os jornalistas podem ter acesso aos treinos, e os jogadores e membros da comissão técnica concedem entrevista coletiva .","","Santos FC","https://pt.wikipedia.org/"
"d38","Paragrafo d38","O CT Rei Pelé foi o local de treinamento do México , durante a Copa do Mundo de 2014 .","","Santos FC","https://pt.wikipedia.org/"
"d39","Paragrafo d39","No complexo do Centro de Treinamento Rei Pelé também está localizado o CEPRAF (Centro de Excelência em Prevenção e Recuperação de Atletas de Futebol), para tratar de lesões e recuperações dos atletas do clube.","","Santos FC","https://pt.wikipedia.org/"
"d40","Paragrafo d40","O Santos Futebol Clube sempre teve como um dos pilares de sua trajetória o trabalho desenvolvido nas categorias de base. Para dar sequência ao processo de revelação de novos talentos, o Alvinegro Praiano construiu o Centro de Treinamento Meninos da Vila. Destinado às categorias de base do clube, o CT foi inaugurado no dia 7 de agosto de 2006.","","Santos FC","https://pt.wikipedia.org/"
"d41","Paragrafo d41","Localizado na Av. Martins Fontes, n° 1.277, no bairro do Saboó em Santos, o espaço homenageia os Meninos da Vila (nomenclatura utilizada para jogadores revelados no time da Vila Belmiro). Possui dois campos, em uma área de 25 500 metros, além de vestiários e setores administrativos, para aperfeiçoar o trabalho desenvolvido no local.","","Santos FC","https://pt.wikipedia.org/"
"d42","Paragrafo d42","Para personalizar a homenagem feita aos Meninos da Vila, o clube nomeou o Campo 1 de Robinho e o Campo 2 eterniza o meia Diego , que foram grandes ídolos da torcida santista, na conquista do Campeonato Brasileiro de 2002 .","","Santos FC","https://pt.wikipedia.org/"
"d43","Paragrafo d43","Em outubro de 2016, como parte das comemorações do centenário da Vila Belmiro, o Santos inaugurou a ""Casa Meninos da Vila"", um imóvel de cinco quartos que abrigará os atletas da equipe sub-20. O alojamento está localizado na Rua Tiradentes, perto da Vila Belmiro.","","Santos FC","https://pt.wikipedia.org/"
"d44","Paragrafo d44","A Chácara Nicolau Moran foi o antigo local de concentração do Santos Futebol Clube. Localizada no quilômetro 34 da pista norte da Via Anchieta , em São Bernardo do Campo , a chácara foi fundada em 14 de setembro de 1968 e contava com campos de futebol, cozinha industrial, saguão, amplo espaço de descanso e lazer, alojamentos e uma capela. Com uma área de 60 000 metros quadrados, a chácara recebeu esse nome, em homenagem ao ex-diretor e ex-meia santista, Nicolau Moran Villar.","","Santos FC","https://pt.wikipedia.org/"
"d45","Paragrafo d45","No início da década de 90 , o Santos deixou de se concentrar na chácara e o local foi abandonado, sendo cedido em regime de comodato ao São Bernardo no ano de 2009.","","Santos FC","https://pt.wikipedia.org/"
"d46","Paragrafo d46","Em um relatório publicado em 2017 pela empresa de consultoria BDO , mostra o Santos como a nona marca mais valiosa do futebol brasileiro, com um valor de R$ 402,8 milhões, a maior parte das receitas do Peixe vem das cotas de televisão, em 2016, o Alvinegro ampliou as receitas com os direitos de televisão em 73%, um aumento de R$ 63 milhões. Nas redes sociais, em uma pesquisa feita em julho de 2021 pelo Ibope Repucom, o Santos aparece como o quinto clube brasileiro com mais seguidores com 9 539 284, no combinado Facebook , Twitter , Instagram , YouTube e TikTok .","","Santos FC","https://pt.wikipedia.org/"
"d47","Paragrafo d47","A primeira camisa seguia o padrão das cores oficiais do clube na época, era branca , com listras azuis , e tinha finos frisos dourados , este uniforme foi usado nas três primeiras e únicas apresentações do até então Santos Foot-Ball Club no ano de 1912. Contudo, em 31 de março de 1913, com a dificuldade de confeccionar uma camisa nessas cores, o sócio Paulo Peluccio, sugeriu que o time passasse a utilizar um uniforme diferente com a camisa listrada em preto e branco e calções brancos. Em 1915, o Santos teve que alterar o seu nome provisoriamente para disputar o Campeonato Santista, devido a APEA (liga no qual era afiliado) não o ter deixado usar seu nome oficial, então o clube adotou a denominação União Foot-Ball Club . O time se tornou campeão santista usando um uniforme branco, com um escudo em forma de losango no peito escrito o nome ""União FC"" em uma faixa diagonal branca e fundo preto. Em 1925, o time usou um uniforme que era totalmente branco com uma faixa preta na altura da cintura, como um cinto, este modelo foi usado no Campeonato Paulista de 1925 , nele havia um escudo bastante semelhante ao usado atualmente pelo clube. Em meados dos anos 1930, o Santos chegou a utilizar talvez o que seja o uniforme mais inusitado de sua história, o calção era branco, porém a camisa era de um tom avermelhado, esse uniforme foi usado apenas em alguns jogos. O uniforme usado na conquista do Campeonato Paulista de 1935 , era um totalmente branco, com exceção das meias que tinham detalhes pretos. No início da década de 1940, o Santos usou uma camisa que tinha largas listras horizontais em preto e branco, e o escudo usado era diferente do tradicional, nele o acrônimo SFC era entrelaçado e escrito em preto, dentro de um fundo branco.","","Santos FC","https://pt.wikipedia.org/"
"d48","Paragrafo d48","Em 1963, o Santos resolveu inovar o uniforme, mas o modelo novo não agradou muito os torcedores que preferiam a camisa branca lisa, neste ano, para disputar o Campeonato Brasileiro , o time usou uma camisa branca com finas listras pretas, os calções e as meias continuavam brancos, usando esse uniforme nos jogos, o Santos conquistaria o seu terceiro título nacional. Em 1968, o Santos adicionou acima do escudo na camisa, as duas estrelas representando os títulos mundiais de 1962 e 1963 , há ainda registros de uma terceira estrela na camisa após a conquista da Recopa Intercontinental de 1968 . A partir dos anos 1970]], o uniforme branco (número 1) e o listrado (número 2) sofreram apenas duas grandes modificações. A primeira foi na década de 80 , quando os patrocinadores começaram a surgir na camisa dos clubes, e a segunda foi nos anos 90 , quando o Santos chegou a utilizar calções que tinham desenhos quadriculados e estrelados a fim de diferenciar-se do rival Corinthians .","","Santos FC","https://pt.wikipedia.org/"
"d49","Paragrafo d49","Em 2008, o Santos lançou um terceiro uniforme, em cor azul-marinho, relembrando as cores de sua fundação, porém foi pouco utilizado. No ano do centenário do clube, em 2012, foi lançado um terceiro uniforme, azul-turquesa, que fazia referência a herança colonial e portuária da cidade de Santos , e as cores da fonte de Itororó, localizada no Monte Serrat , um dos pontos turísticos da cidade. Para homenagear a Seleção Brasileira , no ano em que a Copa do Mundo foi sediada no país, em 2014, a Nike lançou uniformes amarelos de cinco clubes nacionais incluindo o Santos. A camisa que foi adotada como terceiro uniforme, tinha como cores o amarelo, o preto e o branco. Em 2018, o Santos volta a vestir uniforme da Umbro , e é lançado um uniforme azul com detalhes em vermelho e branco para homenagear a Inglaterra , esse uniforme trata-se da série Nations 2018 , que também teve outras versões nos outros clubes brasileiros fornecidos pela Umbro. Em 2020, o Santos volta a ter um uniforme azul como terceiro padrão, a cor remete às origens do clube e possui certa semelhança na cor com o uniforme lançado em 2012, além da cor o Santos mudou o escudo em referência ao usado entre 1942 a 1944 com as letras SFC entrelaçadas em um fundo branco.","","Santos FC","https://pt.wikipedia.org/"
"d50","Paragrafo d50","As cores iniciais do Santos eram azul, branco e dourado. Essas cores foram adotadas pela agremiação do clube logo no seu primeiro ano de existência, em 1912. Em 1913, o Santos passa a ser alvinegro, e então é criado o primeiro escudo. Era composto por um globo terrestre com os paralelos de latitude a partir de uma linha do equador e dos meridianos de longitude , os continentes eram na cor amarela e os oceanos em azul, tendo ao centro do globo um escudo com nove listras verticais alternadas em preto e branco, com uma bola de futebol no centro, escrito o acrônimo SFBC (Santos Foot-Ball Club), e por cima do escudo ainda havia uma coroa . Mesmo com toda essa elaboração, o escudo nunca foi utilizado na camisa, apenas na sede social do clube.","","Santos FC","https://pt.wikipedia.org/"
"d51","Paragrafo d51","Em 1915, o clube adotou o pseudônimo de União FC para poder disputar o Campeonato Santista. Com isso, o clube teve que mudar provisoriamente o escudo, usou um em que era predominante preto, com o nome União FC escrito dentro de uma faixa branca. O atual escudo surgiu em 1925 e foi implantado nos uniformes em 1927. É classificado na heráldica como um escudo polaco ou russo: escudo de ponta arredondada, com recortes arredondados simétricos nas laterais e, geralmente, também na parte superior; As onze listras presentes em preto e branco simbolizam os jogadores e as estrelas acima do escudo, foram inseridas em 1968 para representar os dois títulos mundiais conquistados em 1962 e 1963 .","","Santos FC","https://pt.wikipedia.org/"
"d52","Paragrafo d52","Em 1942, o Santos chegou a adotar um escudo em que as letras SFC eram escritas em preto e ficavam entrelaçadas em um fundo branco, porem o escudo foi utilizado somente em 2 anos, voltando em 1944 para o tradicional. No dia 27 de novembro de 2022, o clube acrescentou uma coroa em homenagem a Pelé, a honraria está posicionada acima do distintivo, entre as duas estrelas referentes aos títulos mundiais de 1962 e 1963. A honraria foi proposta no novo estatuto, que foi aprovado em novembro. O artigo 103 do texto diz que ""o Santos passará a utilizar em jogos de futebol profissional, amador e no futsal, tanto na categoria masculina quanto na feminina, em todas as suas camisas, uma coroa sobre as estrelas existentes dos títulos mundiais, a título de homenagem permanente a Edson Arantes do Nascimento, o Rei Pelé"".","","Santos FC","https://pt.wikipedia.org/"
"d53","Paragrafo d53","Com base na frase: “O branco da paz e o preto da nobreza”, foram criadas as primeiras bandeiras da história do Santos. Em assembleia geral realizada no dia 31 de março de 1913, foi criada a primeira bandeira, também sendo definido o branco e o preto como as cores do clube, assim sugerido por Paulo Peluccio, um dos sócios do Santos na época. Por sugestão de Raymundo Marques, um dos fundadores do Santos, a primeira bandeira tinha uma faixa preta diagonal da esquerda para a direita com as inicias do clube em letras brancas. Anos mais tarde, foi criada uma bandeira triangular no formato de uma flâmula, que tinha um fundo branco com duas faixas pretas, sendo a horizontal ao centro e a vertical no primeiro terço, com o escudo na confluência das duas faixas. Outras bandeiras foram criadas, mas todas seguiram o mesmo padrão e modelo.","","Santos FC","https://pt.wikipedia.org/"
"d54","Paragrafo d54","De acordo com o Estatuto Social aprovado em 2011, o mascote oficial do Santos é a baleia . Ao longo dos anos, o mascote santista sofreu diversas modificações e teve até sugestões de adotar outros símbolos, como o marinheiro , por exemplo. Conforme as últimas pesquisas, a primeira vez que o time santista foi identificado por um mascote, foi em 1921 representado por um peixe . O jornal paulistano Ítalo Paulista , IL Pasquino Coloniale , se referiu ao Santos com o símbolo em uma charge, onde um representante do Palestra Itália à beira-mar, admirava um peixe, representante do time santista. Anos depois um português chamado João Brito (João do Charuto), começou a ilustrar o Peixe para se referir ao Santos nas páginas da A Gazeta Esportiva nos anos 30. Em 1943, o mesmo Brito sugeriu um marinheiro (Garboso) para ser o símbolo santista, na revista A Gazeta Esportiva Ilustrada . Em 1944, o símbolo ganhou grande popularidade com as divertidas charges da Gazeta Esportiva do artista Nino Borges. A baleia teria sido inventada nos anos 50 pelo cartunista Messias de Mello do Jornal A Gazeta Esportiva . A ideia era substituir o símbolo anterior, o peixe, por outro animal marinho mais forte e imponente. Na cidade de Santos, o cartunista JC Lobo foi o responsável por divulgar a baleia no jornal A Tribuna . Em 1955, o artista conhecido por Pace, sugeriu um pescador , já Otávio em 1962, um peixeiro e finalizando os palpites, Ziraldo , apostou no golfinho em 1989. Peixe, baleia, marinheiro, peixeiro, pescador e golfinho, o Santos sempre teve a forte identificação com a sua cidade litorânea, e mesmo com a maioria desses símbolos ou mascotes não sendo oficias do clube, os jornais e cartunistas sempre pensavam em algo relacionado ao mar para identificar o time santista. Em agosto de 2006, o clube criou a dupla Baleinha e Baleião, que animam a torcida antes do início das partidas e durante os intervalos dos jogos do Santos.","","Santos FC","https://pt.wikipedia.org/"
"d55","Paragrafo d55","Há uma grande controvérsia quanto ao hino oficial do Santos Futebol Clube. Nas primeiras décadas de existência, os santistas adotaram como hino do clube uma paródia de uma canção que soldados ingleses entoavam durante a Primeira Guerra Mundial . A situação mudou quando Mangeri Neto e Mangeri Sobrinho resolveram homenagear o Santos, criando a marchinha ""Leão do Mar"" quando o clube foi campeão paulista de 1955.","","Santos FC","https://pt.wikipedia.org/"
"d56","Paragrafo d56","A revista Placar lançou dois álbuns com regravações de hinos do futebol brasileiro. O primeiro de 1996 tinha o hino santista em um rock gravado por Paulo Miklos , um dos vocalistas da banda Titãs . A segunda versão de 2004 contou com outro dos Titãs, Arnaldo Antunes , que visou uma versão mais dançante, com destaque para a batida do surdo para aludir à batucada da torcida na arquibancada.","","Santos FC","https://pt.wikipedia.org/"
"d57","Paragrafo d57","O Santos Futebol Clube possui uma grande legião de torcedores espalhados pelo Brasil, além de milhões de fãs em outras partes do planeta, que teve o seu crescimento associado ao time de Pelé e cia que encantaram o Brasil e o mundo na década de 1960. Estima-se que o Santos tenha um contingente de fãs ao redor do mundo que pode variar de 12 até 24 milhões de pessoas, com base na soma de torcedores brasileiros estimados por institutos nacionais de pesquisa e de pesquisas globais de popularidade que colocam o Santos em posição de destaque na América do Sul .","","Santos FC","https://pt.wikipedia.org/"
"d58","Paragrafo d58","O Santos é o clube brasileiro mais popular fora do Brasil de acordo com pesquisa global realizada pela companhia internacional Chiliz com mais de 8.000 entrevistados em diferentes países de todos os continentes. A mesma pesquisa informa que o Santos possui 0,56% da preferência dos fãs de futebol espalhados pelo mundo, sendo o 2º clube mais popular das Américas, superado somente pelo Boca Júniors da Argentina (0,70%). Convertendo-se o resultado dessa pesquisa em números absolutos, o percentual de apoiadores estrangeiros do Santos pode ser estimado entre 4 910 000 (considerando somente a população dos países amostrados nessa pesquisa) e 19 600 000 (considerando as mais de 3,5 bilhões de pessoas no mundo que acompanham futebol).","","Santos FC","https://pt.wikipedia.org/"
"d59","Paragrafo d59","Em relação à popularidade dentro do Brasil, levantamento realizado mensalmente pelo IBOPE Repucom apontou que o Santos é o quinto clube brasileiro mais popular nas redes sociais, acumulando até outubro de 2024 um total de 13,8 milhões de seguidores em suas mídias sociais, sendo superado no ranking digital somente por Flamengo , Corinthians , São Paulo e Palmeiras . O Santos se mantém no Top 5 desde a década de 2000 quando as redes sociais se popularizaram no Brasil, a frente de clubes como Vasco, Grêmio, Cruzeiro e outros.","","Santos FC","https://pt.wikipedia.org/"
"d60","Paragrafo d60","Em pesquisa realizada pela Pluri Consultoria e divulgada em março de 2022, o Santos foi apontado como a sexta maior torcida do Brasil com 6 831 662 torcedores, o que representa nacionalmente 3,18%. Esta pesquisa realizada pela Pluri possui um método diferente das outras, sendo uma espécie de ""tempo real"", onde os números são atualizados diariamente.","","Santos FC","https://pt.wikipedia.org/"
"d61","Paragrafo d61","Em outra pesquisa feita pela Stochos Sports, mostra que de 2010 a 2012, o Santos aumentou cerca de 20% o número de torcedores, também aponta que a torcida santista ultrapassou os palmeirenses no interior de São Paulo com 14,2% contra 11%, enquanto na capital , o Palmeiras ainda conta com vantagem de 13,5% a 7,4%. Segundo a pesquisa Enfoque Comunicação/Boqnews, na região da Baixada Santista , mais de um terço das pessoas torcem para o Santos, a pesquisa mostra que no período entre 2010 a 2014, a torcida santista aumentou de 30,8% para 36,4% na região, ficando a frente dos corintianos (23,8%), são-paulinos (10,7%) e palmeirenses (9,6%). Na cidade de Santos , em pesquisa feita também pela Enfoque/Boqnews, aponta o Santos FC com 53,1% de torcedores no município, a pesquisa foi realizada no fim de outubro de 2020 e foram entrevistadas 806 pessoas com mais de 16 anos, sendo a margem de erro de 3,4 pontos percentuais para mais ou para menos, abaixo aparecem o Corinthians com 16,9%, Palmeiras com 7,4% e São Paulo com 6,9%, os que não torcem ou não sabem correspondem a 10,2%.","","Santos FC","https://pt.wikipedia.org/"
"d62","Paragrafo d62","Além de São Paulo , o Santos também tem forte presença de torcedores nos estados do Paraná e Mato Grosso do Sul . Em uma parceria do Globoesporte.com e o Facebook , mostrou que o Santos é o segundo clube mais curtido nas cidades paranaenses de Nova Aurora e Jardim Alegre (em ambas ficando apenas atrás do Corinthians), ainda no Paraná, o Santos é o terceiro em cidades como Sarandi , Ubiratã , Alto Piquiri , Cândido de Abreu , Ivaiporã , Querência do Norte , Andirá e Siqueira Campos . O clube também aparece em terceiro nas cidades sul-mato-grossenses como Cassilândia , Batayporã e Itaporã .","","Santos FC","https://pt.wikipedia.org/"
"d63","Paragrafo d63","Uma curiosidade importante sobre a presença nacional da torcida santista é que o Santos possui a maior proporção de torcida em relação à população da sua cidade de origem no Brasil. Com base no número de torcedores estimado pelas pesquisas, o clube possui uma torcida aproximadamente 17 vezes maior em relação à população da cidade de Santos -SP, superando até mesmo o Flamengo , que possui aproximadamente 6 vezes mais torcedores do que a população da cidade do Rio de Janeiro .","","Santos FC","https://pt.wikipedia.org/"
"d64","Paragrafo d64","O Santos teve a segunda maior torcida Brasil na década de 60 . Com um grande time de futebol liderado por Pelé , o clube lotava os estádios do Brasil, tendo como maior público, a decisão da Copa Intercontinental de 1963 no Maracanã contra o Milan , 132 728 pessoas presenciaram a vitória santista por 4 a 2. O Santos é o clube paulista com a maior média de público de uma edição do Campeonato Brasileiro , levando uma média de 49 306 pagantes por jogo no campeonato de 1983 .","","Santos FC","https://pt.wikipedia.org/"
"d65","Paragrafo d65","Em relação a sócios-torcedores, o Santos possui o programa chamado Sócio Rei que conta com cerca de 46 513 associados. O clube possui sócios em todos os estados do Brasil. Na Timemania , o Santos é o quarto colocado entre os clubes mais apostados na loteria com um percentual de 3,3%.","","Santos FC","https://pt.wikipedia.org/"
"d66","Paragrafo d66","Atuais torcidas legalizadas pela Federação Paulista de Futebol .","","Santos FC","https://pt.wikipedia.org/"
"d67","Paragrafo d67","O Santos mesmo não sendo um clube com sede na capital, tem como principais rivais o Trio de Ferro paulistano formado por Palmeiras , Corinthians e São Paulo . Na cidade de Santos, o clube mantem uma relação de amistosidade com a Portuguesa Santista . Nos anos 50 e 60, o clube realizou grandes partidas com o Botafogo , este confronto ganhou notoriedade devido a presença de Pelé e Garrincha e também entre outros jogadores que estiveram presentes no bicampeonato mundial da Seleção em 1958 e 1962 .","","Santos FC","https://pt.wikipedia.org/"
"d68","Paragrafo d68","O Clássico Alvinegro é o confronto contra o Corinthians e recebe esse nome em referência às cores dos dois clubes. O confronto entre Santos e Corinthians, é considerado um dos clássicos mais antigos do futebol brasileiro . O primeiro jogo entre as duas equipes aconteceu em 22 de junho de 1913, no campo do Parque Antarctica , a partida terminou 6 a 3 para o Santos. Em jogos finais decisivos, os dois se enfrentaram seis vezes no Campeonato Paulista , em três delas o Santos saiu vitorioso, sendo que em 1935 , o Santos conquistaria o seu primeiro título paulista no jogo contra o Corinthians, as duas equipes também se enfrentaram na final do Campeonato Brasileiro de 2002 , em que o Santos se sagrou campeão. Na Libertadores, os dois clubes se enfrentaram nas semifinais em 2012 onde o Corinthians avançou para a decisão do torneio.","","Santos FC","https://pt.wikipedia.org/"
"d69","Paragrafo d69","O fato mais marcante desta rivalidade são os ""grandes tabus"", longos períodos em que um clube ficou sem vencer o outro. O Corinthians ficou um período de 11 anos sem ganhar do Santos em Campeonatos Paulistas (1957 a 1968), enquanto o Santos ficou 7 anos sem ganhar do rival, considerando o confronto geral. Outra particularidade, é o fato do Corinthians ser o clube que mais sofreu gols de Pelé , foram 50 gols marcados pelo ex-camisa 10 do Santos contra o Alvinegro do Parque São Jorge.","","Santos FC","https://pt.wikipedia.org/"
"d70","Paragrafo d70","Clássico da Saudade é no futebol paulista o confronto entre Santos e Palmeiras. Recebe esse nome, em referência aos dois maiores times do futebol paulista durante o auge do futebol-arte brasileiro, na década de 1960 , quando o Palmeiras tinha Ademir da Guia e o Santos tinha Pelé . A primeira partida aconteceu em 3 de agosto de 1915, no Velódromo de São Paulo , o Santos venceu o Palmeiras, que ainda tinha o nome Palestra Itália , pelo placar de 7 a 0. No dia 6 de março de 1958, Santos e Palmeiras fizeram no Pacaembu aquele que recebeu a alcunha de jogo mais emocionante da história, o primeiro tempo acabou 5 a 2 para o Santos, no segundo tempo, o Palmeiras conseguiu virar o placar para 6 a 5, mas nos minutos finais o Santos venceu o jogo por 7 a 6, com dois gols de Pepe .","","Santos FC","https://pt.wikipedia.org/"
"d71","Paragrafo d71","Os dois clubes já se enfrentaram cinco vezes em decisões de campeonato, sendo três no Paulista , com vitórias palmeirenses em 1927 e 1959 e santista em 2015 , uma na Copa do Brasil de 2015 e outra na Libertadores de 2020 , onde o Palmeiras saiu-se vencedor em ambas.","","Santos FC","https://pt.wikipedia.org/"
"d72","Paragrafo d72","O clássico com o São Paulo é chamado de San-São, foi apelidado em 1956 por Tomás Mazzoni , jornalista de A Gazeta Esportiva . O primeiro jogo entre as duas equipes, ocorreu no dia 11 de maio na Vila Belmiro , válido pelo Campeonato Paulista de 1930 , o jogo terminou empatado em 2 a 2. Os dois times fizeram em 1933, o primeiro jogo de futebol profissional do país. Foi nele em que o apelido do Santos, ""peixe"", foi dito pela primeira vez. Tratou-se de uma provocação antes do início do jogo, da torcida tricolor com os jogadores do Santos, chamando-os de ""peixeiros"" de maneira pejorativa, a torcida santista retrucou dizendo ""Somos peixeiros e com muita honra!"". A partir daí o apelido foi adotado pelo clube santista, e a mascote, a Baleia, foi criada.","","Santos FC","https://pt.wikipedia.org/"
"d73","Paragrafo d73","Em jogos finais de campeonato, os dois já se enfrentaram seis vezes, foram quatro vencidas pelo Alvinegro ( Paulistas de 1956, 1967 , 1969 e 1978 ) e duas pelo Tricolor (Paulistas de 1980 e 2000 ). Enquanto em mata-matas, o Santos saiu vitorioso em sete confrontos ( Brasileiro de 2002 , Sul-Americana de 2004 , Copa do Brasil de 2015 e Paulistas de 2010 , 2011 , 2012 e 2015 ), já o São Paulo em quatro oportunidades ( Brasileiros de 1981 e 1990 , Supercopa Libertadores de 1992 e Paulista de 1983 ). Um fato marcante entre os dois clubes, é a tradição de jogadores ídolos dos dois lados, como por exemplo Serginho Chulapa , maior goleador da história do São Paulo e grande ídolo santista.","","Santos FC","https://pt.wikipedia.org/"
"d74","Paragrafo d74","A rivalidade contra os argentinos começou na semifinal da Libertadores de 1964 , o Santos brigava por seu terceiro titulo consecutivo da América contra o Independiente . Em junho de 2014, a TV argentina trouxe à tona gravações telefônicas entre Abel Gnecco, representante argentino no comitê de arbitragem da Conmebol e o ex-presidente da AFA , Julio Grondona , morto em 2014. Nas escutas telefônicas , Grondona dá a entender ter conspirado com a arbitragem da semifinal entre Santos e Independiente da Libertadores daquele ano, para que o time brasileiro, que jogou ambas as partidas sem as suas maiores estrelas, não se classificasse. Julio Grondona diz no áudio: ""Em 64, quando jogamos contra o Santos, ganhei o (árbitro) Leo Horn, que era holandês, com os dois bandeiras"". Para os ex-jogadores santistas, a escuta foi uma confissão de Grondona: ""A arbitragem foi estranha no jogo que fizemos no Rio ...deixou o Independiente bater a vontade. Nos lances duvidosos, o apito era contra o Santos. Nos contra-ataques, os bandeiras marcavam impedimentos inexistentes contra o Santos, às vezes o árbitro dava uma falta para impedir nosso ataque. São situações não tão claras de interferência da arbitragem, mas que há um prejuízo ... Então não fico surpreso do caso ter sido retomado"", disse o ex-atleta do Santos, Lima .","","Santos FC","https://pt.wikipedia.org/"
"d75","Paragrafo d75","A rivalidade contra os ""aurinegros"" teve inicio em 1962 na final da Libertadores daquele ano , o Santos conquistaria seu primeiro titulo da América contra o então bicampeão, o Peñarol . No primeiro jogo da final, vitória brasileira por 2 a 1 no Estádio Centenario , com dois gols de Coutinho . Na volta, vitória dos uruguaios por 3 a 2 na Vila Belmiro, porém o jogo ficou conhecido como ""A noite das Garrafadas"" devido as ocorrências na partida, apenas 51 minutos foram jogados porque o árbitro chileno Carlos Robles, alegando problemas de segurança (uma garrafa atirada das arquibancadas acertou o bandeirinha), encerrou a partida quando os uruguaios venciam por 3 a 2, os jogadores santistas também reclamaram de dois pênaltis não marcados e que o atacante uruguaio José Sasía teria atirado areia no goleiro Gilmar . Temendo por sua integridade física, o árbitro continuou a partida após atendimento ao auxiliar. O Santos empatou, com Pagão , e a torcida deixou o estádio comemorando o título. Só no dia seguinte é que os torcedores souberam que o complemento da partida e o gol de empate não valiam nada, o árbitro só considerou o que aconteceu até a agressão a seu auxiliar. No jogo desempate vitória santista por 3 a 0 no Monumental de Nuñez e o titulo da competição.","","Santos FC","https://pt.wikipedia.org/"
"d76","Paragrafo d76","Os dois clubes voltariam a decidir novamente uma Libertadores em 2011, e assim como há 49 anos, o Santos se sagrou campeão, dessa vez com 0 a 0 em Montevidéu e 2 a 1 em São Paulo .","","Santos FC","https://pt.wikipedia.org/"
"d77","Paragrafo d77","O Peñarol é o time estrangeiro que o Santos mais vezes enfrentou: ao todo os dois clubes se enfrentaram 22 vezes, com 10 vitórias santistas, 7 vitórias do Peñarol e 5 empates. Em competições oficiais, foram 8 jogos entre os dois na Copa Libertadores , 6 pela Supercopa Libertadores , 4 pela Recopa dos Campeões Intercontinentais e os outros 4 em amistosos.","","Santos FC","https://pt.wikipedia.org/"
"d78","Paragrafo d78","Outro time estrangeiro a qual o Santos já mediu forças diversas vezes em grandes decisões foi o argentino Boca Juniors . O primeiro encontro entre as equipes aconteceu em 17 de março de 1956 na Vila Belmiro, onde o Santos venceu os xeneizes por 3 a 2 pelo Torneio Internacional da FPF. Na história, os dois times já protagonizaram três encontros eliminatórios na Copa Libertadores da América : a primeira vez ocorreu na finalíssima de 1963, onde o famoso time santista da década de 1960 conquistou o título em cima dos xeneizes com duas vitórias no Maracanã e na temida La Bombonera , levando o bi da competição.","","Santos FC","https://pt.wikipedia.org/"
"d79","Paragrafo d79","Exatamente quarenta anos depois os dois times novamente se encontraram numa final de Libertadores, desta vez com o time argentino vingando a final de 1963 com duas vitórias: um 2 a 0 na Bombonera e um 3 a 1 no Morumbi . Na ocasião, o Santos contava com a base do time campeão brasileiro de 2002 com nomes conhecidos como Robinho, Diego, Paulo Almeida, Renato, Fábio Costa etc, enquanto o Boca tinha uma grande equipe com Tevez , Abbondanzieri , Marcelo Delgado , Schiavi , etc, comandada pelo vitorioso treinador Carlos Bianchi . Na edição de 2020 os times se encontraram mais uma vez, desta vez pelas semifinais da Libertadores com o Santos levando a melhor depois de um empate em 0 a 0 na Bombonera e uma vitória por 3 a 0 na Vila Belmiro .","","Santos FC","https://pt.wikipedia.org/"
"d80","Paragrafo d80","No total, os dois times realizaram 16 jogos, com 8 vitórias do Santos, 3 empates e 5 vitórias do Boca Juniors. Considerando apenas competições oficiais (todas elas realizadas pela Libertadores), foram 8 confrontos com 4 vitórias santistas, 1 empate e 3 vitórias dos xeneizes.","","Santos FC","https://pt.wikipedia.org/"
"d81","Paragrafo d81","O Santos teve como primeiro treinador o irlandês Harold Cross que dirigiu o time em 1912. Em 1913, o lendário Urbano Caldeira que de 1913 a 1932, em períodos alternados, assumiu a função de treinar a equipe. Urbano que leva nome ao estádio da Vila Belmiro, além de treinador, também foi jogador e vice-presidente do Santos. De 1916 a 1922, dois estrangeiros ficaram a frente da equipe, os uruguaios Juan Carlos Bertone (1916 a 1919) e Ramón Platero (1920 a 1922). No ano de 1923, o diretor geral de esportes, José Caetano Munhoz, era quem comandava a equipe. O primeiro treinador do Santos após a era profissional do futebol no Brasil, foi Joaquim Loureiro em 1933.","","Santos FC","https://pt.wikipedia.org/"
"d82","Paragrafo d82","Luís Alonso Pérez , o Lula, é considerado o treinador mais vitorioso da história do Santos, comandou o clube de 1954 a 1966 e conquistou ao todo 34 títulos, dentre os principais, o bicampeonato da Copa Intercontinental e da Copa Libertadores da América nos anos de 1962 e 1963. Também é o recordista em partidas como treinador do Santos com 943 jogos. Depois de Lula, o segundo treinador com mais jogos a frente do clube foi Antoninho Fernandes com 397 jogos, Antoninho assumiu o Santos em 1967 e comandou o time até 1971, somando 6 títulos oficiais pelo Santos. Na história, onze treinadores foram campeões pelo clube, além de Lula e Antoninho, outros nomes foram Bilu , Pepe , Chico Formiga , Castilho , Vanderlei Luxemburgo , Emerson Leão , Muricy Ramalho , Dorival Júnior e Marcelo Fernandes . Apesar de não ter sido campeão, o argentino Jorge Sampaoli deixou um legado no Santos, que em 2019, mesmo sem grandes investimentos fez campanha acima das expectativas no Campeonato Brasileiro com o vice-campeonato.","","Santos FC","https://pt.wikipedia.org/"
"d83","Paragrafo d83","Abaixo os 10 treinadores com mais jogos (a partir do ano da profissionalização).","","Santos FC","https://pt.wikipedia.org/"
"d84","Paragrafo d84","O Santos sempre foi ao longo dos tempos uma equipe que cedeu vários atletas para a Seleção Brasileira . Nas 5 Copas do Mundo que o Brasil faturou, em 3 delas, estavam presentes jogadores do Santos, só de campeões mundiais o Peixe cedeu 11 atletas. Na história das Copas o Alvinegro teve 16 de seus jogadores convocados para defender a Seleção, sendo o meia-atacante Araken Patusca o primeiro santista à disputar um mundial, em 1930 , no Uruguai . Na época havia uma briga entre a Associação Paulista de Esportes Atléticos (Apea) e a Confederação Brasileira de Desportos (CBD), pois nenhum paulista estava na comissão técnica, por este motivo a Apea alegou não haver tempo hábil para que chefes de famílias deixassem tudo organizado e partissem para ficar tanto tempo afastados de casa. Isto fez com que o Brasil embarcasse apenas com jogadores que atuavam no Rio de Janeiro , com exceção de Araken Patusca, único paulista entre os convocados e que estava brigado com a direção santista.","","Santos FC","https://pt.wikipedia.org/"
"d85","Paragrafo d85","As participações dos jogadores do Santos sempre se notabilizaram pelo número de atletas que foram campeões do mundo. Em 1958 , na Suécia , o Alvinegro cedeu o ponta-esquerda Pepe , o volante Zito e o ""Rei do Futebol"", Pelé , estes dois últimos atletas foram importantíssimos na arrancada brasileira rumo ao título de campeão mundial, pois Pelé e Zito só estrearam na vitória brasileira sobre a União Soviética por 2 a 0, na última partida da primeira fase. Nas quartas, o Brasil venceu um jogo difícil contra País de Gales por 1 a 0, com o único gol marcado por Pelé, na semifinal, Pelé voltou à marcar, desta vez três gols contra a França contribuindo para a vitória brasileira por 5 a 2 e a classificação à decisão do mundial. A consagração do camisa 10 aconteceu na final, marcando mais dois gols, sendo o artilheiro da Seleção na Copa com apenas 17 anos e o Brasil conseguindo o seu primeiro título mundial de futebol com uma vitória novamente por 5 a 2, desta vez sobre os donos da casa .","","Santos FC","https://pt.wikipedia.org/"
"d86","Paragrafo d86","Em 1962 , no Chile , o time da Vila Belmiro cedeu sete jogadores para que a Seleção disputasse essa Copa do Mundo. Além de Pepe, Zito e Pelé, presentes no mundial anterior, o goleiro Gilmar , o zagueiro Mauro , o meia Mengálvio e o atacante Coutinho foram os santistas que brilharam na conquista do bicampeonato. Pelé jogou apenas duas partidas, marcando um gol sobre o México , na vitória por 2 a 0, na estréia brasileira. Mas o Rei não pode continuar ajudando a Seleção, pois uma lesão muscular o impediu de atuar no restante da Copa. Porém a Seleção continuou vencendo sem Pelé. Na final, Zito teve uma participação decisiva na vitória sobre a Tchecoslováquia por 3 a 1, já que o capitão santista fez o segundo gol brasileiro na final. O Peixe também teve uma grande participação com o zagueiro Mauro, que além de ter feito uma bela participação no mundial, foi o capitão do time e teve a honra de erguer a Taça Jules Rimet, com o Brasil sendo coroado bicampeão do mundo.","","Santos FC","https://pt.wikipedia.org/"
"d87","Paragrafo d87","Na Copa do Mundo de 1966 , na Inglaterra , o Brasil mais uma vez teve jogadores do Santos, o goleiro Gilmar , o zagueiro Orlando Peçanha , os volantes Lima e Zito e os atacantes Pelé e Edu foram os convocados. Porém nesta edição a Seleção não passou da primeira fase.","","Santos FC","https://pt.wikipedia.org/"
"d88","Paragrafo d88","Em 1970 , no México , o lateral-direito Carlos Alberto Torres , o zagueiro Joel Camargo , o volante Clodoaldo e os atacantes Pelé e Edu ajudaram o Brasil à ganhar a terceira estrela. Considerada por muitos como a melhor Seleção que o mundo viu jogar, o time liderado por Carlos Alberto Torres, que era o capitão, e Pelé no auge de sua maturidade futebolística, estiveram entre os principais responsáveis por comandar a equipe que encantou a todos e trouxe a Taça Jules Rimet de forma definitiva para o Brasil , com a conquista inédita na época de tricampeão mundial.","","Santos FC","https://pt.wikipedia.org/"
"d89","Paragrafo d89","Em 1974 , na Alemanha , o zagueiro Marinho Peres e o atacante Edu foram convocados, mas nesta edição a Seleção parou na segunda fase, sendo derrotada pelo Carrossel holandês , na fase que era de grupos.","","Santos FC","https://pt.wikipedia.org/"
"d90","Paragrafo d90","Em 2002 , o Alvinegro cedeu dois membros para a comissão técnica, o preparador de goleiros Carlos Pracidelli e o fisioterapeuta Luis Rosan que foi muito importante para a recuperação do atacante Ronaldo , o artilheiro e principal nome do pentacampeonato mundial.","","Santos FC","https://pt.wikipedia.org/"
"d91","Paragrafo d91","Na Copa do Mundo de 2010 , na África do Sul , Robinho foi convocado e depois de 36 anos, o Santos voltou à ter um jogador de seu elenco convocado para disputar a competição servindo a Seleção Brasileira . O ""Rei das Pedaladas"" marcou dois gols (contra o Chile e contra a Holanda ), quebrando um jejum de gols de jogadores santistas em Copas do Mundo, que permanecia desde o gol de Carlos Alberto Torres , o quarto do Brasil na final de 1970 .","","Santos FC","https://pt.wikipedia.org/"
"d92","Paragrafo d92","Em 2006 , na Alemanha , o Peixe foi representado pelo zagueiro Julio Manzur da Seleção Paraguaia . O jogador santista disputou a sua primeira Copa do Mundo, já tendo ajudado a seleção de seu país à conquistar a medalha de prata, nos Jogos Olímpicos de 2004 , em Atenas , na Grécia . Nesta edição do mundial o Paraguai não passou da fase de grupos.","","Santos FC","https://pt.wikipedia.org/"
"d93","Paragrafo d93","Na Copa do Mundo de 2014 , no Brasil , o Santos foi representado pelo lateral esquerdo chileno Eugenio Mena . Mena foi titular nos 4 jogos da Seleção Chilena no mundial. O Chile foi eliminado pelo Brasil nas oitavas de final, nos pênaltis, após empate de 1 a 1 no tempo normal.","","Santos FC","https://pt.wikipedia.org/"
"d94","Paragrafo d94","O Santos B , também conhecido por ser o sub-23, tem como função auxiliar os jogadores para que cheguem na equipe principal, foi fundado em 2003 para ser a equipe reserva oficial. Inspirados pelo modelo espanhol, no qual grandes clubes como Barcelona e Real Madrid têm suas equipes secundárias participando das divisões inferiores da La Liga , a diretoria do clube inscreveu naquele ano o Santos B na Copa Paulista de 2004 , o time fez uma excelente campanha, sendo campeão do torneio ao bater o Guarani na final. Atualmente participa do Campeonato Brasileiro de Aspirantes .","","Santos FC","https://pt.wikipedia.org/"
"d95","Paragrafo d95","Conhecidas como as Sereias da Vila , a história do futebol feminino começou em 1997. Para formar sua primeira equipe, o Santos teve como parceira a Marvel Consórcios, que mantinha uma equipe feminina de futebol de salão. Houve também a realização de peneiras, chefiada pelo ídolo Manoel Maria , que também foi o primeiro treinador da equipe feminina do clube.","","Santos FC","https://pt.wikipedia.org/"
"d96","Paragrafo d96","Para disputar o Campeonato Paulista de 1997 , o Santos foi em busca de três atletas que fizeram parte da Seleção Brasileira que ficou em quarto lugar nas Olimpíadas de Atlanta : Elane , Fanta e Solange, pois o regulamento do campeonato permitia apenas três jogadoras acima de 23 anos na equipe. E logo em seu primeiro ano de vida, o time feminino chegou na final do Campeonato Paulista, e sagrou-se vice-campeão após perder para o São Paulo. No ano de 2000 veio o primeiro título da modalidade, a equipe conquistou os Jogos Abertos do Interior .","","Santos FC","https://pt.wikipedia.org/"
"d97","Paragrafo d97","De 2009 a 2012, o Santos foi considerado o time mais forte de futebol feminino do Brasil, jogadoras como Marta e Cristiane passaram pelo Santos e o clube foi a base da Seleção Brasileira de Futebol Feminino , chegando a ter onze atletas convocadas de uma só vez.","","Santos FC","https://pt.wikipedia.org/"
"d98","Paragrafo d98","O Santos chegou a encerrar as atividades do futebol feminino em 2012, porem em fevereiro de 2015, o presidente Modesto Roma Júnior anunciou o retorno da equipe de futebol feminino. No dia 14 de abril de 2015 (data do aniversário de 103 anos do Santos) foi realizado na Vila Belmiro, o primeiro jogo após o retorno do time feminino santista. O amistoso jogado contra a Portuguesa , terminou com a vitória das Sereias da Vila, por 1 a 0, gol da atacante Tipa.","","Santos FC","https://pt.wikipedia.org/"
"d99","Paragrafo d99","No dia 20 de julho de 2017, o Santos foi campeão do Brasileiro Feminino .","","Santos FC","https://pt.wikipedia.org/"
"d100","Paragrafo d100","Em 2011, com a parceria da Cortiana Plásticos, o Santos formou um grande time para a modalidade, sendo a base da Seleção Brasileira de Futsal , chegando a ter sete convocados de uma só vez. O time foi comandado pelo técnico Fernando Ferretti , tendo o melhor do mundo nas quadras, Falcão , além de grandes jogadores como Pixote , Neto , Índio , Valdin , Jackson e Jé .","","Santos FC","https://pt.wikipedia.org/"
"d101","Paragrafo d101","Em apenas 1 ano, o time conquistou a Liga Futsal e a Copa Gramado, sendo que a Liga Futsal foi vencida nos pênaltis, contra o tradicional Carlos Barbosa na Arena Santos (onde o clube mandou os jogos). E com essa conquista, o Santos foi o primeiro clube paulista a conquistar a Liga Futsal.","","Santos FC","https://pt.wikipedia.org/"
"d102","Paragrafo d102","Depois de dois títulos e também o vice da Liga Paulista , o Santos encerrou a parceria com a Cortiana Plásticos e fechou o time de futsal no final de 2011.","","Santos FC","https://pt.wikipedia.org/"
"d103","Paragrafo d103","O voleibol tanto no masculino como feminino, passou a ser relacionado pela Comissão de Esportes a partir de 1940, programando a participação do clube em torneios oficiais. A primeira conquista na modalidade, veio no ano de 1946, quando a equipe feminina faturou o Torneio Início da Liga Santista.","","Santos FC","https://pt.wikipedia.org/"
"d104","Paragrafo d104","Em 1968, o ano do auge, o time masculino realizou uma vitoriosa excursão para Europa , realizando 14 jogos com 13 vitórias e apenas uma derrota (para a Seleção da Alemanha Oriental, na época considerada a 4ª melhor equipe do mundo). Ainda em 1968, devido as grandiosas atuações, os atletas Décio Viotti, Victor, Feitosa e Sérgio Telles, defenderam a Seleção Brasileira nos Jogos Olímpicos na Cidade do México . Já em 1972, nos jogos disputados em Munique , foi a vez de Negrelli ser convocado.","","Santos FC","https://pt.wikipedia.org/"
"d105","Paragrafo d105","No feminino, destaque para os 7 títulos do campeonato santista, conquistados nos anos de 1950, 1952, 1953, 1955, 1962, 1963 e 1981. Já pelo Troféu Bandeirantes, um dos principais torneios da época, a equipe feminina consagrou-se a melhor em 8 oportunidades, nos anos de 1951, 1952, 1953, 1954, 1971, 1974, 1980 e 1982. O voleibol principal foi desativado no Santos em 1983, atualmente o clube mantém parcerias para manter equipes sub-21 e sub-19 em torneios juvenis.","","Santos FC","https://pt.wikipedia.org/"
"d106","Paragrafo d106","Em 14 de abril de 2007, a data do aniversário de fundação do clube foi incluída no calendário oficial de comemorações do Calendário Turístico do Estado de São Paulo , onde diversos eventos são realizados em sua homenagem. No dia 4 de novembro de 2008, a Estação Imigrantes foi rebatizada de Estação Santos-Imigrantes , para homenagear o clube e também por estar localizada numa das principais vias de acesso à cidade de Santos.","","Santos FC","https://pt.wikipedia.org/"
"d107","Paragrafo d107","Uma citação curiosa que o Santos recebeu, é o fato do nome do clube estar presente no hino oficial do Olympiacos da Grécia . Esse fato ocorreu, graças a um jogo do Santos contra o time grego em 1961, em que o Olympiacos saiu vitorioso por 2 a 1 com Pelé em campo, a dimensão da vitória foi tão grande para o clube grego, que o nome do Santos foi adicionado no hino oficial.","","Santos FC","https://pt.wikipedia.org/"
"d108","Paragrafo d108","A Associação Atlética Portuguesa , mais conhecida como Portuguesa Santista (para evitar confusão com a equipe homônima da capital de São Paulo ) e apelidada de Briosa , é um clube de futebol brasileiro fundado e sediado na cidade de Santos , litoral do estado de São Paulo . Foi fundada em 20 de novembro de 1917 por trabalhadores portugueses , que decidiram criar um clube para representar Portugal após assistir uma partida do Hespanha FC, atual Jabaquara Atlético Clube , clube de origem espanhola. Suas cores, vermelho e verde , foram retiradas da bandeira de Portugal .","","Portuguesa Santista","https://pt.wikipedia.org/"
"d109","Paragrafo d109","A mascote da Portuguesa Santista é Cachopinha, uma menina portuguesa que faz juz às raízes do clube. O apelido alude às viradas históricas empreendidas pelo time na participação de diversos torneios amadores de futebol realizados no litoral de São Paulo na época, dando para si, assim, a imagem de time que “ não levava desaforos para casa ”.","","Portuguesa Santista","https://pt.wikipedia.org/"
"d110","Paragrafo d110","Em novembro de 1914 , ""canteiros"" que trabalhavam numa pedreira do bairro do Jabaquara observaram surpresos uma partida de futebol do Hespanha Futebol Clube (atual Jabaquara Atlético Clube ). Encantados, os canteiros, todos portugueses , começaram a pensar na ideia de fundar uma equipe da colônia, assim como já haviam feito os espanhóis , italianos , ingleses e sírios da cidade.","","Portuguesa Santista","https://pt.wikipedia.org/"
"d111","Paragrafo d111","Em 19 de novembro de 1917 os entusiastas se reuniram num salão de barbeiro , na Rua Joaquim Távora, para a fundação do clube. Vários nomes foram sugeridos, como Lusitano, F. C. Portugal etc. Até que foi proposto o nome Associação Atlética Portuguesa . No dia seguinte, numa nova reunião, o nome e os estatutos do clube eram ratificados e nascia assim, a "" Briosa "".","","Portuguesa Santista","https://pt.wikipedia.org/"
"d112","Paragrafo d112","O seu Estádio, Ulrico Mursa , inaugurado em 1920, foi o primeiro da América Latina a ter cobertura de concreto .","","Portuguesa Santista","https://pt.wikipedia.org/"
"d113","Paragrafo d113","A Portuguesa Santista foi a primeira equipe da cidade de Santos a revelar um jogador que serviu à Seleção Brasileira de Futebol , para a Copa do Mundo de 1938 , na França . O atleta foi Tim , atacante da Briosa, desde 1936 jogador do Fluminense que na Copa participou de uma partida, em 14 de junho de 1938 , pelas quartas-de-final , contra a Tchecoslováquia , na cidade de Bordeaux , no Estádio Parc Lescure, (atual Stade Jacques Chaban-Delmas ), em que o Brasil ganhou por 2 a 1, com gols de Leônidas e Roberto, pelo Brasil e Kopecky, pela Tchecoslováquia.","","Portuguesa Santista","https://pt.wikipedia.org/"
"d114","Paragrafo d114","A Portuguesa Santista, é uma das equipes que fundou a Federação Paulista de Futebol , em 1941 , junto com Juventus , Palestra Itália (atual Palmeiras ), Corinthians , São Paulo F.C. , Santos F.C. , Portuguesa de Desportos, Espanha (atual Jabaquara A.C.), Ypiranga e SPR (atual Nacional A.C. ).","","Portuguesa Santista","https://pt.wikipedia.org/"
"d115","Paragrafo d115","O jogo mais celebrado da Portuguesa Santista é contra o Santos FC , que foi batizado de "" Clássico das Praias "", entre as décadas de 1950 e 1960 . Há também grande agitação em sua torcida quando há jogos contra a Portuguesa de Desportos e Jabaquara.","","Portuguesa Santista","https://pt.wikipedia.org/"
"d116","Paragrafo d116","A Portuguesa é a detentora da "" Fita Azul "" desde 1959 - título criado para homenagear as equipes que faziam excursões ao exterior com sucesso. Essa honra pertence ao CR Vasco da Gama , a Portuguesa de Desportos e Santos FC , entre outros clubes.","","Portuguesa Santista","https://pt.wikipedia.org/"
"d117","Paragrafo d117","Um fato curioso é que a Briosa foi vítima de racismo em 1959. Quando ganhou o título de Fita Azul, os jogadores foram proibidos de entrar em campo, na Cidade do Cabo por ter três jogadores de cor negra. A África do Sul , por consequência, foi banida de jogos e competições internacionais até o ano de 1976.","","Portuguesa Santista","https://pt.wikipedia.org/"
"d118","Paragrafo d118","Em dois períodos, de 1930 a 1934 e de 1988 a 1990, a Portuguesa Santista não disputou o Campeonato Paulista , o primeiro, por não concordar inicialmente com o profissionalismo no futebol, e na segunda vez, por uma enorme crise financeira que se abateu sobre o clube, pedindo licença à Federação .","","Portuguesa Santista","https://pt.wikipedia.org/"
"d119","Paragrafo d119","A melhor posição que a Portuguesa Santista conseguiu no Campeonato Paulista foi a terceira colocação, nos Campeonatos de 1936 , 1937 , 1938 e 2003 Neste ano de 2003, a Briosa, comandada pelo ex-atacante santista Pepe , surpreendeu ao, na primeira fase, empatar com o São Paulo no Morumbi e derrotar o Santos após mais de meio século em Ulrico Mursa, e 33 anos depois no geral por 2x0, deixando-o de fora da segunda fase.","","Portuguesa Santista","https://pt.wikipedia.org/"
"d120","Paragrafo d120","No ano seguinte, credenciado pela colocação no Campeonato Paulista , faz sua primeira, e única, participação na Copa do Brasil . Foi eliminado na primeira fase pelo XV de Novembro de Campo Bom , do então desconhecido técnico Mano Menezes , após dois empates (perdendo no critério dos gols fora de casa), podendo ser considerado um dos poucos clubes invictos da história da competição.","","Portuguesa Santista","https://pt.wikipedia.org/"
"d121","Paragrafo d121","Em 2005, disputou a Série C do Campeonato Brasileiro . pela última vez.","","Portuguesa Santista","https://pt.wikipedia.org/"
"d122","Paragrafo d122","Em 2006, disputou até então, o Campeonato Paulista Série A1 pela última vez. Na ocasião, acabou sendo rebaixada.","","Portuguesa Santista","https://pt.wikipedia.org/"
"d123","Paragrafo d123","Em 2009, foi rebaixada para a Série A3 Paulista pela segunda vez na sua história. Em 2010, desceu para a última divisão do estado e em 2011, conheceu o fundo do poço ao ser eliminada ainda na primeira fase com uma das piores campanhas entre os 42 times que disputaram o campeonato.","","Portuguesa Santista","https://pt.wikipedia.org/"
"d124","Paragrafo d124","Em 2016, depois de 6 anos, a equipe conquistou o acesso à Série A3 do Campeonato Paulista , ao eliminar o Taboão da Serra , com uma vitória por 1 a 0, em Taboão da Serra , gol de Aldir, e um empate por 1 a 1, em Ulrico Mursa, com gol de Lucas Lino. Duas semanas depois, a Briosa conquistou o título ao vencer o Desportivo Brasil por 3 a 0 em Ulrico Mursa, após empate por 1 a 1 em Porto Feliz , os gols foram marcados por Willian Anicete, Ricardinho e Eric Mamer. Com 19 gols, Willian Anicete ainda sagrou-se como artilheiro da competição. .","","Portuguesa Santista","https://pt.wikipedia.org/"
"d125","Paragrafo d125","Em 2017, completou seu centenário . Com grande homenagem de diversos artistas e escolas de carnaval de Santos no desfile do mesmo ano.","","Portuguesa Santista","https://pt.wikipedia.org/"
"d126","Paragrafo d126","Na disputa da Série A3 de 2018 , conquistou o vice-campeonato e consequentemente o acesso à Série A2 de 2019 , sendo este o segundo acesso estadual em três anos.","","Portuguesa Santista","https://pt.wikipedia.org/"
"d127","Paragrafo d127","Em 2025, foi rebaixada para a Série A3 de 2026, fazendo campanha ruim na Série A2 de 2025 , com apenas 2 vitórias na competição, e nenhuma no seu estádio Ulrico Mursa , somando 13 pontos na competição. O rebaixamento veio na última rodada, após um empate por 0 a 0 contra o Votuporanguense em casa.","","Portuguesa Santista","https://pt.wikipedia.org/"
"d128","Paragrafo d128","Em 2026, a Briosa conseguiu o retorno à Série A2 do Campeonato Paulista , e posteriormente conquistou o título da Série A3 de 2026 diante do Marília no Ulrico Mursa, após ganhar o jogo de volta da final por 2 a 0; o jogo de ida, no Estádio Bento de Abreu , havia terminado num empate em 2 a 2. O gol do título foi marcado aos 47 minutos do segundo tempo pelo atacante Jeferson Caxito , e a comemoração dos torcedores foi tamanha que parte do alambrado do estádio cedeu, porém ninguém se feriu. Esta campanha da Portuguesa Santista acabou sendo a melhor da história da Série A3 paulista em seu formato mais recente, adotado em 2019.","","Portuguesa Santista","https://pt.wikipedia.org/"
"d129","Paragrafo d129","O Estádio Ulrico Mursa foi fundado em 5 de dezembro de 1920 . Com lotação máxima atual é de 7.635 pessoas , é o estádio pertencente à Portuguesa Santista.","","Portuguesa Santista","https://pt.wikipedia.org/"
"d130","Paragrafo d130","Fica situado próximo ao centro de Santos (aproximadamente 1,5km), separado deste pelo Túnel Dr. Rubens Ferreira Martins. As referências locais são o Canal 2 e a Santa Casa de Misericórdia. O estádio está localizado na avenida Senador Pinheiro Machado, 240 no Marapé .","","Portuguesa Santista","https://pt.wikipedia.org/"
"d131","Paragrafo d131","Jabaquara Atlético Clube é uma agremiação esportiva da cidade de Santos , litoral do estado de São Paulo . Foi fundada em 15 de novembro de 1914 e suas cores são amarelo e vermelho .","","Jabaquara","https://pt.wikipedia.org/"
"d132","Paragrafo d132","A agremiação, anteriormente chamada Hespanha FBC , é um dos membros fundadores da Federação Paulista de Futebol (FPF). Atualmente, o clube disputa a Série A4 do Campeonato Paulista , equivalente ao quarto nível estadual.","","Jabaquara","https://pt.wikipedia.org/"
"d133","Paragrafo d133","Um grupo de jornaleiros espanhóis , ou ""tribuneiros"", como eram conhecidos, com a união de associações ou agremiações esportivas dos imigrantes europeus na região de Santos do início do século XX , e o interesse na nova modalidade esportiva, reuniam-se em torno do atual bairro do Jabaquara . Para dar nome à nova equipe foram dadas várias sugestões, entre elas Nova Cintra e Jabaquara. Foi quando um senhor negro , ex- escravo , entrou e propôs: Espanha, que foi logo aceito por todos, e fundaram o Hespanha Foot Ball Club, conforme denominavam em 15 de novembro de 1914 .","","Jabaquara","https://pt.wikipedia.org/"
"d134","Paragrafo d134","A sua primeira partida oficial ocorreu em 1916 , contra o Clube Afonso XIII, em um resultado de 1-1, numa ocasião em que foi levantado o primeiro pavilhão do clube. Surpreendeu com uma gloriosa vitória e arrecadação contra o SPR no ano seguinte, onde festejaram e conquistaram diversos associados e atenção na cidade.","","Jabaquara","https://pt.wikipedia.org/"
"d135","Paragrafo d135","Nos anos de 1918 a 1920 , conquistou a ""Taça Grande Café D'Oeste"" e participou como convidado na inauguração do estádio da Associação Atlética Portuguesa . O seu crescimento foi tamanho a partir de então, que em 1924 foi construído um estádio maior, localizado no bairro do Macuco como ""Estádio Antonio Alonso"", que levou o nome do seu proprietário, passando a ser chamado o time popularmente como o ""Leão do Macuco"".","","Jabaquara","https://pt.wikipedia.org/"
"d136","Paragrafo d136","Estreou em competições profissionais no ano de 1927 no Campeonato Paulista organizado pela Liga dos Amadores de Futebol (LAF), conseguindo de cara um vice-campeonato. Ainda em 1927, o Hespanha enfrenta seu primeiro adversário internacional com uma vitória de 3-2 contra a Seleção de Buenos Aires . Foi um dos clubes fundadores da FPF, em 1941 . No ano seguinte, por conta de pressão política, o nome do clube teve de ser alterado, virando Jabaquara.","","Jabaquara","https://pt.wikipedia.org/"
"d137","Paragrafo d137","Em 1944 o time atingiu o seu auge com o melhor ataque do futebol paulista. Foi no período entre 1940 e 1957 que o clube revelou vários craques, com o técnico Arnaldo de Oliveira, popularmente conhecido como Papa. As maiores estrelas reveladas foram o goleiro Gylmar , com passagem pelo Sport Club Corinthians Paulista e campeão mundial pelo Santos Futebol Clube e Seleção Brasileira de Futebol , e Osvaldo da Silva, conhecido como Baltasar, que era o nome do seu irmão que jogava no Santos FC. Outros craques formados: Marcos (revelado para o Corinthians); Feijó, Getúlio, Ramiro e Álvaro (para o Santos); Célio (para o Vasco da Gama ); e Melão, (do Santos para o SPAL na Itália ).","","Jabaquara","https://pt.wikipedia.org/"
"d138","Paragrafo d138","No entanto, em 1945 o clube sofreu grave crise financeira que afetou o time quase com o rebaixamento à segunda divisão, senão dispusesse de um recurso de seu advogado . Houve a venda de um valorizado terreno, próximo à praia , no bairro Ponta da Praia (Santos) , que não saldou as dívidas do clube, para questionamento de muitos até os dias atuais. Restou treinar em um campo na cidade vizinha de São Vicente .","","Jabaquara","https://pt.wikipedia.org/"
"d139","Paragrafo d139","Assim correram os anos até que em 1957, com uma vitória de virada em partida histórica contra o bicampeão paulista Santos Futebol Clube na Vila Belmiro , sob coordenação de Nelson Ernesto Filpo Nuñez , passando a ser chamado de Dom Filpo pelo seu feito de vitórias consecutivas no Jabaquara, salvando ainda o clube de um rebaixamento pela segunda vez em 1959 . O inevitável rebaixamento ocorreu em 11 de dezembro de 1963 . De lá para cá, o Leão da Caneleira não mais retornou.","","Jabaquara","https://pt.wikipedia.org/"
"d140","Paragrafo d140","Em 1960 , se estabeleceu em Caneleira , com a compra de um campo de 67 m² que onde foram construídos um Centro de Treinamento (CT), uma Quadra de Futebol Society e um campo com capacidade para oito mil pessoas, que trouxeram renda ao clube e valorizaram a região. Entre 1967 e 1977 passou por diversas crises financeiras, até decretar falência e pedir à FPF que jogasse apenas de forma amadora.","","Jabaquara","https://pt.wikipedia.org/"
"d141","Paragrafo d141","Em luta pela sobrevivência, este histórico clube alterna entre a Segunda Divisão (atual Série A2 ) e a Terceira ( Série A3 ), como privilegiado fundador da Federação Paulista. Em 1983 , Nabi Abi Chedid aumentou o número de times na Segunda Divisão, inserindo o clube, mas acabou retornando à Terceira. Foi campeão paulista da Série A3 em 1993 . Em 2002 o Jabaquara foi campeão da Série B3 (sexta divisão).","","Jabaquara","https://pt.wikipedia.org/"
