"consulta","documento"
"q01","d1"
"q01","d110"
"q01","d137"
"q01","d4"
"q01","d40"
"q01","d5"
"q01","d55"
"q01","d58"
"q01","d66"
"q01","d70"
"q01","d95"
"q01","d97"
"q01","d98"
"q02","d107"
"q02","d137"
"q02","d26"
"q02","d36"
"q02","d68"
"q02","d70"
"q02","d74"
"q02","d75"
"q02","d93"
"q02","d97"
"q02","d99"
"q03","d108"
"q03","d109"
"q03","d114"
"q03","d115"
"q03","d116"
"q03","d118"
"q03","d119"
"q03","d129"
"q03","d67"
"q03","d98"
"q04","d108"
"q04","d110"
"q04","d114"
"q04","d115"
"q04","d131"
"q04","d133"
"q04","d136"
"q04","d139"
"q04","d141"
"q04","d36"
"q05","d107"
"q05","d137"
"q05","d26"
"q05","d36"
"q05","d48"
"q05","d68"
"q05","d69"
"q05","d70"
"q05","d74"
"q05","d75"
"q05","d8"
"q05","d97"
"q06","d108"
"q06","d110"
"q06","d114"
"q06","d115"
"q06","d131"
"q06","d133"
"q06","d136"
"q06","d139"
"q06","d141"
"q06","d36"
